{
    "name": "INSANEMODE",
    "version": "1.0.12",
    "factorio_version": "1.1",
    "title": "INSANEMODE?",
    "author": "LilithCorvina",
    "source": "https://github.com/INSANEMODE/FactorioMods",
    "contact": "",
    "homepage": "https://github.com/INSANEMODE/FactorioMods",
    "description": "Modpack to combine mods for playing with friends",
    "dependencies": [
        "AdvancedBelts",
        "AutoCircuit",
        "AutoTrash",
        "CursorEnhancements",
        "DestructiveBlueprints",
        "DoRobotsBuildAutomaticTrains",
        "FactorySearch",
        "FilterInsertersBegone",
        "FNEI",
        "GDIW",
        "GhostOnWater",
        "Kux-BlueprintExtensions",
        "LogisticRequestManager",
        "ModuleInserterEx",
        "ModuleInserterSimplified",
        "PowerPole32",
        "RecipeBook",
        "RemoteConfiguration",
        "Shortcuts-ick",
        "SimpleCompress",
        "Spider_Control",
        "StackInserterRename",
        "TintedGhosts",
        "TrainGroups",
        "Train_Control_Signals",
        "TrainStatusIcons",
        "WireShortcuts",
        "beautiful_bridge_railway",
        "better-cliff-hitboxes",
        "big-mining-drill",
        "bigminingdrill",
        "blueprint-align",
        "blueprint-variables",
        "car-finder",
        "crafting_combinator_xeraph",
        "deadlock-beltboxes-loaders",
        "factoripedia",
        "fff-402-radars",
        "parameterized-blueprints",
        "rapid-beltsv1",
        "reconnect-cut-wires",
        "redo",
        "remote-requests",
        "show-max-underground-distance",
        "simple_landfill_mining",
        "slightly_smarter_pipette",
        "CircuitHUD-V2",
        "Reactor Interface",
        "Swarmageddon",
        "QuickItemSearch",
        "research-progress",
        "belt-visualizer",
        "petcat",
        "QueueToFrontNG",
        "UsefulCombinators",
        "WeaponPack",
        "Dirt_Path",
        "minime",
        "AmongUsCharacter",
        "dnf-snow",
        "genshin-impact-skin",
        "GirlCharacter",
        "MechanicusMiniMAX",
        "IRobot",
        "miku-bikini-swimsuit",
        "minecraft",
        "NikoCharacter",
        "pikachu",
        "ProtogenCharacter",
        "shrek2",
        "tianyi",
        "vaporeon-character",
        "wickerbeast",
        "yaemiko-raidenshogun-characters",
        "Big_Brother",
        "TheFatController",
        "RailSignalPlanner",
        "aai-vehicles-ironclad",
        "ironclad-gunboat-and-mortar-turret",
        "LogisticTrainNetwork",
        "ltn-cleanup",
        "Howitzer",
        "beautiful_bridge_railway",
        "LTN_Combinator_Modernized",
        "fcpu",
        "LtnManager",
        "LTN_Content_Reader",
        "VoidChestPlus",
        "LightedPolesPlus",
        "LightedPolesPlus",
        "LargeLamp",
        "Teleportation_Redux",
        "Honk",
        "artillery-bombardment-remote-reloaded",
        "Reinforced-Walls",
        "RenaiTransportation",
        "SchallCircuitGroup",
        "Avatars",
        "SchallAmmoTurrets",
        "SchallGunPod",
        "SchallInserters",
        "CompressedFluids",
        "ballistic_missile",
        "rec-blue-plus",
        "vtk-armor-plating",
        "vtk-cannon-turret",
        "Logistic-Gun-Turret",
        "SchallArtillery",
        "SchallLandMine",
        "TurboBike",
        "playtime-plus",
        "WhereIsMyBody",
        "lightorio",
        "pump",
        "Inserter_Config",
        "inventory-repair",
        "DoingThingsByHand",
        "DeadlockCrating",
        "extended-descriptions",
        "VehicleGrid",
        "Squeak Through",
        "tree_collision",
        "helmod",
        "vanilla-loaders-hd",
        "Enhanced_Map_Colors",
        "Fill4Me",
        "Wind_Generator-gfxrestyle",
        "DiscoScience",
        "Milestones",
        "GhostInHand",
        "BeltRouter",
        "even-distribution",
        "inserter-throughput",
        "holographic_signs",
        "IslandStart",
        "bzgas",
        "DestructiveBlueprints",
        "Kux-BlueprintExtensions",
        "Better-Power-Armor-Grid",
        "lightArtillery",
        "LogisticRequestManager",
        "pushbutton",
        "packing-tape",
        "Big-Monsters",
        "PollutionSolutionsLite",
        "color-coded-pipes",
        "Additional-Turret-updated",
        "Geothermal",
        "islands_world",
        "fluid-void-extra",
        "LogiNetChannels",
        "RampantFixed",
        "manual-inventory-sort",
        "RoboportBigPole",
        "Clockwork",
        "Inventory Sensor",
        "belttracer",
        "lex-aircraft",
        "ghost-counter",
        "factory-levels",
        "scattergun_turret",
        "UltimateResearchQueue",
        "Fluid-level-indicator",
        "blueprint-sandboxes",
        "Warehousing",
        "Deep_Storage_Unit",
        "Portals",
        "Searchlight",
        "TaskList",
        "calculator-ui",
        "AircraftRealism",
        "factorissimo-2-notnotmelon",
        "RealisticReactors",
        "PlutoniumEnergy",
        "CleanFloor",
        "bigger-artillery",
        "AbandonedRuins",
        "Teleporters",
        "PipeVisualizer",
        "HelicopterRevival",
        "Flare Stack",
        "Repair_Turret",
        "BottleneckLite",
        "MaxRateCalculator",
        "aai-vehicles-warden",
        "aai-programmable-structures",
        "YARM",
        "Aircraft",
        "cargo-ships",
        "AutoDeconstruct",
        "damage-numbers",
        "pyindustry",
        "RPG",
        "BlueprintConverter",
        "Blueprint-Evolution",
        "BlueprintLab_Henriquelay"


    ],
    "package": {
        "sync_portal_details": true
    }
}